city_name,state,latitude,longitude,tier,population
Mumbai,Maharashtra,19.0760,72.8777,1,20667656
 Delhi ,Delhi,28.7041,77.1025,1,32941000
BANGALORE,Karnataka,12.9716,77.5946,1,13193000
bangalore,Karnataka,12.9716,77.5946,1,13100000
Hyderabad,Telangana,17.3850,78.4867,1,10534418
Chennai,Tamil Nadu,13.0827,80.2707,1,11235018
Kolkata,West Bengal,22.5726,88.3639,1,14850000
Pune,Maharashtra,18.5204,73.8567,2,7276000
Ahmedabad,Gujarat,23.0225,72.5714,2,8059068
Jaipur,Rajasthan,26.9124,75.7873,2,3046163
Lucknow,Uttar Pradesh,26.8467,80.9462,2,3382000
Surat,Gujarat,21.1702,72.8311,2,7784276
Nagpur,Maharashtra,21.1458,79.0882,2,2857.000
Indore,Madhya Pradesh,22.7196,75.8577,2,3283000
Bhopal,Madhya Pradesh,23.2599,77.4126,2,2371061
Visakhapatnam,Andhra Pradesh,17.6868,83.2185,2,2035922
Patna,Bihar,25.5941,85.1376,2,2046652
Vadodara,Gujarat,22.3072,73.1812,2,2065771
Coimbatore,Tamil Nadu,11.0168,76.9558,2,2151466
Agra,Uttar Pradesh,27.1767,78.0081,3,1760285
Bombay,Maharashtra,19.0760,72.8777,1,20667656
Calcutta,West Bengal,22.5726,88.3639,1,14850000
Madras,Tamil Nadu,13.0827,80.2707,1,11235018
Poona,Maharashtra,18.5204,73.8567,2,7276000
Trivandrum,Kerala,8.5241,76.9366,2,1021000
Gurgaon,Haryana,28.4595,77.0266,2,876824
Noida,Uttar Pradesh,28.5355,77.3910,3,642381
Kochi,Kerala,9.9312,76.2673,2,677381
Chandigarh,Punjab,30.7333,76.7794,2,1025000
Bhubaneswar,Odisha,20.2961,85.8245,3,837737
,,,,,
Guwahati,Assam,26.1445,91.7362,3,962334
Thiruvananthapuram,Kerala,8.5241,76.9366,2,1021000
Nashik,Maharashtra,19.9975,73.7898,3,1486053
Meerut,Uttar Pradesh,28.9845,77.7064,N/A,null
Faridabad,Haryana,28.4089,77.3178,3,null
Rajkot,Gujarat,22.3039,70.8022,3,1390640
Amritsar,Punjab,31.6340,74.8723,3,1183549
Varanasi,Uttar Pradesh,25.3176,82.9739,3,1432280
Aurangabad,Maharashtra,19.8762,75.3433,3,1175116
Ranchi,Jharkhand,23.3441,85.3096,3,1073440
